version,2022.2-SP6.4<build 146967>
project name,OV_DDR_HDMI_v_2_0.pds

Single Seed:
Seed,State,Convergence,Setup(Slow),Setup(Fast),Hold(Slow),Hold(Fast),Recovery(Slow),Recovery(Fast),Removal(Slow),Removal(Fast),PBM-GP,PBM-PreGP,PBM-PostGP,LP,Total Placement Cpu Time,Detailed routing,Total Routing Cpu Time,Wire Length After Post-GP,Wire Length After LP,Wire Length After DP,Routing Arc Length,Worst Slack After GP Timing,Worst Slack After LP Timing,Worst Slack Before RP,Worst Slack Before DP,Worst Slack After DP,Worst Slack After Placement,Worst Slack After TA By Preroute,TNS After DP,TNS Before Route,Setup(Slow) Total Failing TNS,Setup(Slow) Total Failing Endpoints,Hold(Slow) Total Failing THS,Hold(Slow) Total Failing Endpoints,Power
single,OK,Fail,1.338,1.834,-0.100,-0.093,5.517,6.730,0.523,0.389,NA,NA,NA,4.59,176.44,315.62,483.02,NA,NA,NA,612081,NA,NA,1599,NA,NA,1599,NA,NA,0,0.000,0,-0.323,8,NA
Pass Rate/Convergence Rate,100.00%,0.00%

Synthesize:
control_set,359
Synthesize Performance Summary:
slack category,Synthesize Setup WNS,Synthesize Setup TNS,Synthesize Recovery WNS,Synthesize Recovery TNS
slack value,1.088,0.000,6.318,0.000
Synthesize Process Cpu Time,0h:3m:17s

Device Map:
Device Map Resource Usage Summary:
Logic Utilization,LUT,FF,DRM,APM,Distributed RAM,HSSTHP,USCM,HCKB,RCKB
Used,31901,26621,124.5,2,4365,NA,8,NA,0
Available,42800,64200,134,84,17000,NA,30,NA,24
Utilization(%),75%,42%,93%,3%,26%,NA,27%,NA,0%
Device Map Process Cpu Time,0h:0m:30s

Project Configurations:
top module,OV_DDR_HDMI_v_2_0
compile,
synthesize," -ads "
device map," -override_pcf false "
place & route," -mode {performance} 
 -optimize_multi_corner_timing "

Test Parameters Configurations:
testparam,

